time,C_TG,C_MeOH,C_FAME,C_GL,C_TG_total,C_DG_total,C_MG_total,C_GL_total,C_FAME_total,conversion_%,FAME_yield_%
0.0,0.49999999999999994,0.1875,0.0,0.0,0.49999999999999994,0,0,0.0,0.0,1.1102230246251565e-14,0.0
20.0,0.325,0.15,0.03166666666666667,0.004117647058823531,0.325,0,0,0.004117647058823531,0.03166666666666667,35.0,2.111111111111111
40.0,0.21,0.11875,0.052476190476190475,0.008235294117647061,0.21,0,0,0.008235294117647061,0.052476190476190475,58.00000000000001,3.4984126984126984
60.0,0.14,0.09375,0.06514285714285714,0.012352941176470589,0.14,0,0,0.012352941176470589,0.06514285714285714,72.0,4.3428571428571425
80.0,0.09,0.075,0.0741904761904762,0.016235294117647063,0.09,0,0,0.016235294117647063,0.0741904761904762,82.0,4.946031746031746
100.0,0.06,0.0625,0.07961904761904762,0.019058823529411767,0.06,0,0,0.019058823529411767,0.07961904761904762,88.0,5.307936507936508
120.0,0.039999999999999994,0.0525,0.08323809523809524,0.021176470588235297,0.039999999999999994,0,0,0.021176470588235297,0.08323809523809524,92.0,5.549206349206349
